ImageNumber,ObjectNumber,AreaShape_Area,AreaShape_Center_X,AreaShape_Center_Y,AreaShape_Center_Z,AreaShape_Compactness,AreaShape_Eccentricity,AreaShape_EulerNumber,AreaShape_Extent,AreaShape_FormFactor,AreaShape_MajorAxisLength,AreaShape_MaxFeretDiameter,AreaShape_MaximumRadius,AreaShape_MeanRadius,AreaShape_MedianRadius,AreaShape_MinFeretDiameter,AreaShape_MinorAxisLength,AreaShape_Orientation,AreaShape_Perimeter,AreaShape_Solidity,Classify_Row0,Classify_Row1,Classify_Row2,Classify_Row3,Classify_Row4,Classify_Row5,Classify_Row6,Classify_Row7,Location_Center_X,Location_Center_Y,Number_Object_Number
1,1,403,122.0,57.0,1.0,3.383459543859442,0.7692410099078277,6.0,0.24603174603174602,0.09446813916069814,49.64112105587403,42.95346318982906,4.0,1.6087170024434325,1.4142135623730951,31.400000000000002,31.718628055363848,-29.653727772574754,231.53399999999965,0.36078782452999114,0,1,0,0,0,0,0,0,134.6997518610422,53.1439205955335,1
1,2,178,208.0,33.0,1.0,7.2709287595598076,0.8107687552844062,5.0,0.16036036036036036,0.15477660616908254,49.5325180920254,39.6232255123179,4.0,1.5348640259412556,1.0,28.756574797068687,28.994680395886085,80.68690995059085,120.21600000000005,0.22432262129804656,0,1,0,0,0,0,0,0,211.41573033707866,39.747191011235955,2
1,3,94,284.0,52.0,1.0,15.043692363370088,0.8740602293533545,3.0,0.07912457912457913,0.2801345348280417,53.9549951833731,46.010868281309364,4.123105625617661,1.5812217292478554,1.4142135623730951,19.251318387801607,26.212284879356833,35.19197564020325,64.93600000000002,0.16095890410958907,0,1,0,0,0,0,0,0,288.98936170212767,49.234042553191486,3
1,4,204,133.0,142.0,1.0,6.415920444691743,0.7632749473352706,13.0,0.159375,0.06095157652559389,48.4807085724931,44.294469180700204,3.0,1.282209494105635,1.0,29.644301566820822,31.322115603764065,-83.57191286443955,205.08199999999988,0.19834710743801653,0,0,1,0,0,0,0,0,132.2549019607843,133.91176470588235,4
1,5,67,214.0,110.0,1.0,14.704211656059499,0.723688833647748,3.0,0.08701298701298701,0.2857623368750859,41.229189926958455,34.0147027033899,3.1622776601683795,1.4087201210150733,1.0,20.57397867634799,28.453353138394313,29.327595504216145,54.280000000000015,0.14938684503901895,0,0,1,0,0,0,0,0,216.8507462686567,117.95522388059702,5
1,6,472,141.0,222.0,1.0,2.6273490005067366,0.5380362930389778,5.0,0.26135105204872644,0.08576036161389425,42.96205527886445,46.09772228646444,4.242640687119285,1.654450964390996,1.4142135623730951,33.88762508675724,36.21364752544374,-36.15921249678055,262.98599999999936,0.37549721559268107,0,0,0,1,0,0,0,0,131.60169491525423,217.42372881355934,6
1,7,118,207.0,219.0,1.0,6.531249656812538,0.9852966416030362,3.0,0.39730639730639733,0.25163826248294724,43.666639478036586,32.2490309931942,4.123105625617661,1.5761399516987038,1.2071067811865475,8.0,7.460548296684969,-2.1004748215195232,76.76400000000002,0.47580645161290325,0,0,0,1,0,0,0,0,216.84745762711864,218.40677966101694,7
1,8,70,310.0,231.0,1.0,8.426172818391581,0.9844531547415026,2.0,0.38461538461538464,0.4150257154097051,38.18406542265466,25.317977802344327,3.0,1.5353026263511473,1.4142135623730951,6.0,6.706929312139877,88.69308392475695,46.03800000000002,0.4268292682926829,0,0,0,1,0,0,0,0,310.3285714285714,222.21428571428572,8
1,9,451,132.0,317.0,1.0,3.2823964321346155,0.8462319963196002,7.0,0.2907801418439716,0.0921860457904846,54.16426693384787,47.07440918375928,5.0990195135927845,1.7332910228767773,1.4142135623730951,31.177180717800216,28.859512750882654,71.3485174382355,247.9479999999996,0.3835034013605442,0,0,0,0,1,0,0,0,126.36585365853658,305.06651884700665,9
1,10,52,234.0,301.0,1.0,14.713703531058128,0.9904118068704324,2.0,0.10276679841897234,0.476341207184347,43.72149397850869,29.068883707497267,3.0,1.458913172605179,1.0,5.735325981226337,6.039970948461832,41.21969611295215,37.03800000000001,0.37545126353790614,0,0,0,0,1,0,0,0,228.32692307692307,296.28846153846155,10
1,11,311,150.0,393.0,1.0,2.2218375782841404,0.8675909993016975,4.0,0.3470982142857143,0.16135544229801685,37.579933394675756,34.828149534535996,4.123105625617661,1.7397433383935483,1.4142135623730951,18.729009603066142,18.68769107103118,-23.763131326788027,155.62999999999994,0.5213746856663872,0,0,0,0,0,1,0,0,139.88102893890675,395.0385852090032,11
1,12,13,226.0,389.0,1.0,0.9723636797637956,0.518323926132807,1.0,0.8125,1.048203719259013,4.402870669384355,3.605551275463989,2.0,1.1725108220860991,1.0,2.8284271247461903,3.7652661819211213,-45.0,12.483999999999998,0.896551724137931,0,0,0,0,0,1,0,0,225.6153846153846,389.38461538461536,12
1,13,10,303.0,393.0,1.0,1.0115928344559135,0.6765233455551337,1.0,0.8333333333333334,0.9249340902219712,4.18353335561788,3.1622776601683795,1.4142135623730951,1.082842712474619,1.0,2.0,3.0808425946456057,0.0,11.655999999999999,0.9090909090909091,0,0,0,0,0,1,0,0,303.5,392.8,13
1,14,408,125.0,480.0,1.0,3.210128247600964,0.6396720137877917,8.0,0.21085271317829457,0.06481179986556063,45.77906051739624,45.35416188179427,3.605551275463989,1.4703784439346799,1.0,37.57019137834748,35.187982322078504,-14.260815297621138,281.25999999999954,0.29705132872224244,0,0,0,0,0,0,1,0,132.9142156862745,475.6421568627451,14
1,15,55,213.0,496.0,1.0,11.984333337398983,0.8779980622288612,3.0,0.10912698412698413,0.2977659396686905,36.97586786191099,25.495097567963924,2.8284271247461903,1.2733646881949656,1.0,14.650066019958418,17.699023682623736,-43.72917210810594,48.17800000000002,0.20872865275142316,0,0,0,0,0,0,1,0,214.8909090909091,488.25454545454545,15
1,16,73,289.0,486.0,1.0,2.7591507466909913,0.8545977055203104,3.0,0.3476190476190476,0.3400914610200236,20.162424014335567,17.804493814764857,3.1622776601683795,1.4348919450325481,1.0,9.192388155425117,10.470157933060246,43.390487852308055,51.93600000000002,0.5725490196078431,0,0,0,0,0,0,1,0,290.73972602739724,484.54794520547944,16
1,17,20,378.0,470.0,1.0,1.0170906215996953,0.563243223981547,1.0,0.6666666666666666,0.9171364582138997,5.637450272752668,5.0990195135927845,2.23606797749979,1.2978708664619076,1.0,3.5355339059327378,4.65817528964907,-26.011982848078354,16.554,0.9302325581395349,0,0,0,0,0,0,1,0,377.3,470.15,17
1,18,400,129.0,572.0,1.0,3.220322045411228,0.7280329485619268,5.0,0.24479804161566707,0.1162055064042799,47.2292947195932,42.42640687119285,4.123105625617661,1.720372505934993,1.4142135623730951,32.37624162269305,32.377671775945124,-85.75933073003374,207.97999999999968,0.3900536323744515,0,0,0,0,0,0,0,1,135.8425,568.375,18
1,19,208,223.0,560.0,1.0,2.5554032260013786,0.7889766710384847,5.0,0.2184873949579832,0.1825411089107709,31.37903525790399,33.37663853655727,4.0,1.7452573674396656,1.4142135623730951,21.920310216782973,19.280005822488153,-46.907348625496724,119.66200000000005,0.3626852659110724,0,0,0,0,0,0,0,1,223.26442307692307,559.3846153846154,19
1,20,31,305.0,576.0,1.0,1.0317660542688245,0.38929817879353823,1.0,0.6326530612244898,0.5701122743890591,6.720150235832949,6.4031242374328485,3.1622776601683795,1.425084431678484,1.0,5.366563145999495,6.190009606635906,12.653002984951351,26.14,0.8266666666666667,0,0,0,0,0,0,0,1,304.80645161290323,575.9677419354839,20
1,21,1,365.0,535.0,1.0,0.0,0.0,1.0,1.0,0.7853981633974483,0.095,0.0,1.0,1.0,1.0,0.0,0.095,0.0,4.0,1.0,0,0,0,0,0,0,1,0,365.0,535.0,21
2,1,1865,114.0,41.0,1.0,1.0045960077933422,0.3142144078102048,2.0,0.5766852195423624,0.8244870965335857,50.065899300098145,66.2872536767062,23.0,8.229704806894214,7.211102550927978,47.01154284005536,47.530163900574316,-75.34004050325782,168.59799999999987,0.8514037890892491,0,1,0,0,0,0,0,0,113.46756032171582,40.47077747989276,1
2,2,1817,206.0,40.0,1.0,1.0077546195282499,0.16568154625404768,1.0,0.7567680133277801,0.73702163354789,48.593659297286614,50.21951811795888,21.400934559032695,7.651319739092996,6.708203932499369,47.47513280965223,47.922061242406464,79.16971459387521,176.01199999999983,0.9473409801876954,0,1,0,0,0,0,0,0,204.32471106219043,41.232801320858556,2
2,3,1324,293.0,44.0,1.0,1.180670777926847,0.44534404702441915,2.0,0.6260047281323877,0.21239373638465622,46.98709653730427,49.678969393496885,14.142135623730951,4.363756632900882,3.1622776601683795,43.03578481469889,42.07034445701835,-33.69626931215603,279.8839999999994,0.7699912765338759,0,1,0,0,0,0,0,0,293.13746223564954,40.64274924471299,3
2,4,345,386.0,32.0,1.0,3.1308310091753713,0.3812661868918583,7.0,0.195578231292517,0.1382547694749445,38.512880626226,44.77722635447622,5.385164807134504,1.8917672301061772,1.4142135623730951,35.46310236994306,35.60382182174249,-36.986880450798246,177.0819999999998,0.30955585464333785,0,1,0,0,0,0,0,0,388.1246376811594,39.73623188405797,4
2,5,1949,115.0,134.0,1.0,1.00982605835033,0.34765075237849835,2.0,0.7496153846153846,0.6343285740083823,51.61283988461246,55.758407437802596,23.706539182259394,8.357394547469134,7.211102550927978,48.08326112068523,48.39344258570896,-55.156019898452506,196.4959999999998,0.9365689572321,0,0,1,0,0,0,0,0,114.49102103642893,134.7619291944587,5
2,6,1873,204.0,135.0,1.0,1.0657054896962557,0.5067093771069514,3.0,0.6949907235621521,0.3619144893259901,53.96455480167138,58.66856057549052,20.808652046684813,7.0910431891360375,6.0,47.546442042947824,46.523756507204375,-40.348777671873805,255.01799999999957,0.8186188811188811,0,0,1,0,0,0,0,0,202.08222103577148,133.69300587293114,6
2,7,438,279.0,123.0,1.0,3.5636885177833437,0.4813327029232129,11.0,0.2425249169435216,0.046806748811417276,47.39302240369703,46.32493928760188,3.1622776601683795,1.3768396804811314,1.0,40.02807234107665,41.5417840890695,86.70817805717621,342.91599999999926,0.30640083945435465,0,0,1,0,0,0,0,0,295.3972602739726,133.6552511415525,7
2,8,41,370.0,141.0,1.0,17.077216495864747,0.9925570065501426,2.0,0.11388888888888889,0.46714958733830625,41.9155557634944,25.553864678361276,2.23606797749979,1.2874596208288862,1.0,4.556322725118565,5.104514301652735,-29.440925715275128,33.21,0.3761467889908257,0,0,1,0,0,0,0,0,378.0975609756098,136.34146341463415,8
2,9,1650,116.0,225.0,1.0,1.0023036076903828,0.32871479836345674,1.0,0.7801418439716312,0.914229855350646,47.15960984922002,47.16990566028302,22.0,7.8316902846638605,7.0,43.840620433565945,44.53891428810569,-82.8974045247154,150.598,0.9666080843585239,0,0,0,1,0,0,0,0,115.83333333333333,225.68121212121213,9
2,10,1571,202.0,225.0,1.0,1.049371359906254,0.43048872087705425,1.0,0.6324476650563607,0.35482251964146383,48.076890289947336,55.226805085936306,17.08800749063506,6.0958021416002275,5.0990195135927845,44.54772721475249,43.39400679031628,-49.06748383891637,235.87799999999964,0.838985313751669,0,0,0,1,0,0,0,0,203.33227243793763,226.23870146403564,10
2,11,1554,288.0,234.0,1.0,1.2615184845665877,0.3508613060570735,3.0,0.5152519893899205,0.13072056118044678,51.54206097836567,64.35060217278468,12.649110640673518,3.8896408875253634,3.0,49.193495504995376,48.265400036153316,-17.64018807689044,386.507999999999,0.6827768014059754,0,0,0,1,0,0,0,0,296.13256113256114,228.85135135135135,11
2,12,531,390.0,217.0,1.0,3.0096789827890102,0.7016498159614021,14.0,0.23299692847740236,0.06137889582387688,51.93234587677582,52.773099207835045,4.0,1.5711505297650894,1.4142135623730951,40.465569214712836,37.00293659014794,84.8721181186648,329.71799999999894,0.32299270072992703,0,0,0,1,0,0,0,0,382.69868173258004,220.8060263653484,12
2,13,1810,117.0,323.0,1.0,1.001713646328796,0.3049417950350076,1.0,0.7859313938341294,0.891041575619389,49.17872287782922,48.84669896727925,23.08679276123039,8.190964345988954,7.211102550927978,46.0,46.83638896949465,-84.98675669559148,159.76999999999992,0.9673971138428649,0,0,0,0,1,0,0,0,117.09116022099448,322.20883977900553,13
2,14,1580,203.0,324.0,1.0,1.0167666649088487,0.3119415340960238,1.0,0.7470449172576832,0.5559493946342825,46.350148396071454,49.09175083453431,18.973665961010276,6.700426929230725,5.830951894845301,44.0,44.0373362229846,-86.68747206724916,188.97999999999982,0.928319623971798,0,0,0,0,1,0,0,0,204.61708860759492,321.65569620253166,14
2,15,1618,288.0,324.0,1.0,1.217816012786916,0.4740990885899867,4.0,0.5004639653572533,0.1338932780694042,53.13235474248263,68.8839603971781,12.727922061357855,4.06109942559638,3.0,48.79036790187178,46.78152383382154,-40.599611067326336,389.6859999999988,0.6747289407839867,0,0,0,0,1,0,0,0,295.65636588380715,322.1087762669963,15
2,16,882,412.0,323.0,1.0,2.9559513316317294,0.6228597016355005,13.0,0.28654970760233917,0.05407685337462744,64.11936432909633,56.142675390472796,5.0990195135927845,1.8639622562771068,1.4142135623730951,49.27488969138704,50.16273027268926,-0.1878091020673824,452.72399999999857,0.38940397350993383,0,0,0,0,1,0,0,0,388.437641723356,321.3424036281179,16
2,17,1627,117.0,413.0,1.0,1.0013102953912887,0.22258042880321166,1.0,0.7859903381642512,0.8847929855151068,46.09989327773676,45.803929962395145,21.93171219946131,7.7456143271271465,6.708203932499369,44.0,44.94344661225347,-84.70388984615374,152.012,0.9664389664389665,0,0,0,0,0,1,0,0,117.16902274124155,412.7523048555624,17
2,18,1619,208.0,416.0,1.0,1.0140907295861126,0.2374670367960362,2.0,0.6399209486166008,0.6192720991640929,46.36005097498156,54.037024344425184,21.213203435596427,7.470879862194112,6.4031242374328485,44.54772721475249,45.03394940725887,-26.34151606394021,181.25399999999985,0.8669344042838021,0,0,0,0,0,1,0,0,207.550339715874,416.1951822112415,18
2,19,1743,295.0,413.0,1.0,1.0242438309223283,0.35299086476027,1.0,0.7410714285714286,0.47652094783707283,49.20994372860187,49.39635614091387,19.209372712298546,6.749376965104191,5.830951894845301,47.0,46.04214061471153,-83.14422808620988,214.39399999999966,0.9137614678899082,0,0,0,0,0,1,0,0,297.9294320137694,414.1342512908778,19
2,20,277,374.0,400.0,1.0,3.864084822745469,0.515313490923101,10.0,0.1840531561461794,0.09764473909426785,39.64429395138657,45.69463863518345,3.605551275463989,1.5288336882679354,1.4142135623730951,30.93320307989039,33.97522944580487,-50.6006060864097,188.8079999999998,0.26169107227208316,0,0,0,0,0,1,0,0,381.14440433212997,408.48736462093865,20
2,21,1720,120.0,509.0,1.0,1.001669179942777,0.2670802157533174,1.0,0.7786328655500226,0.8947278801750295,47.67192016918488,47.80167361086848,22.360679774997898,7.98004311238652,7.035533905932738,45.61578674099571,45.94020434501463,-88.63362384369842,155.426,0.9657495788882651,0,0,0,0,0,0,1,0,119.78372093023256,509.3046511627907,21
2,22,1684,208.0,510.0,1.0,1.0040720628336663,0.26875982002030346,1.0,0.7796296296296297,0.8076226416966903,47.238859493837744,49.57822102496216,21.95449840010015,7.757245797101768,7.0,44.0,45.50081078607888,-77.72312467372582,161.87199999999996,0.954378010767923,0,0,0,0,0,0,1,0,208.5023752969121,510.31828978622326,22
2,23,919,292.0,515.0,1.0,1.8795300711223213,0.39543013739661553,7.0,0.32588652482269503,0.06026444491464931,48.82116875066096,60.876925020897694,6.0,1.9483529862913171,1.4142135623730951,44.47074385282452,44.84205098801135,-88.00915033985754,437.7559999999989,0.4786458333333333,0,0,0,0,0,0,1,0,297.8052230685528,507.75734494015234,23
2,24,414,381.0,497.0,1.0,3.1787105659944257,0.8050879905824394,6.0,0.2793522267206478,0.11491187858733079,49.77656304371825,45.48626166217664,4.123105625617661,1.7072447065166634,1.4142135623730951,30.10344827586207,29.525237115440405,-49.79443557409731,212.77599999999967,0.41670860593860093,0,0,0,0,0,0,1,0,389.6231884057971,507.81159420289856,24
2,25,1790,120.0,601.0,1.0,1.0017677338870155,0.2784121788853756,1.0,0.7769097222222222,0.9009127947706187,48.71087344523227,48.76474136094644,23.08679276123039,8.142508679495466,7.0710678118654755,45.8530260724415,46.784927848097226,-81.16790693913828,158.01199999999994,0.969139144558744,0,0,0,0,0,0,0,1,119.8608938547486,600.6458100558659,25
2,26,1738,210.0,604.0,1.0,1.0023167740740835,0.263064684303188,1.0,0.7703900709219859,0.8381324686485445,47.90923686011429,48.33218389437829,22.135943621178654,7.865313345837837,7.0,45.867317458194684,46.22178721877303,-75.23929811267229,161.42599999999993,0.9586321014892443,0,0,0,0,0,0,0,1,209.57537399309552,603.8296892980437,26
2,27,966,285.0,593.0,1.0,1.8708694946191924,0.3910682481863171,3.0,0.4772727272727273,0.08626184950999513,49.889914103051304,48.27007354458868,5.0,2.0282524594824842,2.0,43.0,45.916765246973625,78.81852128098433,375.13199999999904,0.5895636252670126,0,0,0,0,0,0,0,1,301.6904761904762,601.743271221532,27
2,28,364,376.0,584.0,1.0,5.463896263190561,0.7716950517853164,12.0,0.2038073908174692,0.08382058698521408,60.01054800385222,49.678969393496885,4.123105625617661,1.6199784267146267,1.4142135623730951,35.68002410389559,38.166271991320905,79.08440921959904,233.6039999999996,0.24058162590879048,0,0,0,0,0,0,0,1,388.5274725274725,596.532967032967,28
3,1,1721,229.0,50.0,1.0,1.095321358972935,0.5040754011816218,1.0,0.661923076923077,0.3455906166603505,52.40523753730258,53.85164807134504,15.556349186104045,5.090100550551439,4.242640687119285,48.6,45.26028907581966,-58.568935048362576,250.15799999999948,0.8183547313361865,0,1,0,0,0,0,0,0,231.33933759442183,55.94886693782684,1
3,2,1181,329.0,35.0,1.0,1.6303077272694522,0.7713610667575014,5.0,0.4204343182627269,0.12279488907256564,59.036268368743634,57.982756057296896,7.615773105863909,2.8243000458134846,2.23606797749979,39.41200501894214,37.570548751856606,-52.36271466617337,347.6479999999991,0.6128697457187338,0,1,0,0,0,0,0,0,321.7535986452159,51.69686706181202,2
3,3,483,405.0,65.0,1.0,1.647882366704853,0.8682242401777831,2.0,0.48787878787878786,0.4219047570601492,40.34200517433267,34.539832078341085,8.0,3.0817662861341333,2.8284271247461903,22.742708045234394,20.016574008626133,-65.51341288838822,119.94200000000006,0.7192851824274014,0,1,0,0,0,0,0,0,407.7950310559006,56.60248447204969,3
3,4,2101,148.0,147.0,1.0,1.0154603322263993,0.4556902995122942,1.0,0.7346153846153847,0.7438781152275723,55.01840912667123,55.21775076911409,22.847319317591726,8.175140844400282,7.0710678118654755,48.79036790187178,48.9739980455446,-63.478056395620335,188.39399999999978,0.9402550906243008,0,0,1,0,0,0,0,0,149.3931461208948,144.6216087577344,4
3,5,1861,229.0,152.0,1.0,1.139688502795308,0.5547305587554866,3.0,0.6390796703296703,0.25932916255101607,56.45543585568668,57.14017850864661,16.0,5.055690289335257,4.123105625617661,48.59151299491646,46.97261922226585,-69.86286969234368,300.2979999999994,0.8164071068216716,0,0,1,0,0,0,0,0,232.75067168189145,144.9554003224073,5
3,6,1388,328.0,154.0,1.0,1.7303141208334514,0.6213999616946415,3.0,0.4883884588318086,0.11167631180933742,61.5104400422946,57.87054518492115,7.211102550927978,2.6149673404223157,2.23606797749979,46.36375033507043,48.193030860616986,80.89004995156964,395.20199999999886,0.6118580559841303,0,0,1,0,0,0,0,0,317.7903458213257,141.5922190201729,6
3,7,973,379.0,151.0,1.0,1.6603263867753093,0.639371041232489,2.0,0.45046296296296295,0.2060411067088586,50.824888671934225,51.07837115648854,7.211102550927978,2.865274877931672,2.8284271247461903,36.03992792021624,39.079173005751976,-35.489801425070866,243.60399999999953,0.6842475386779187,0,0,1,0,0,0,0,0,389.7492291880781,138.0678314491264,7
3,8,2010,150.0,228.0,1.0,1.0159760725325633,0.37869726728463143,1.0,0.7155571377714489,0.6597301159146002,52.89013818419623,55.17245689653489,21.93171219946131,7.771738113199872,7.0,49.6327075664562,48.95091238994061,-47.72540190243656,195.6679999999998,0.9232889297197979,0,0,0,1,0,0,0,0,150.42139303482588,229.50497512437812,8
3,9,1050,219.0,228.0,1.0,1.801491422108545,0.32844981026157716,5.0,0.4475703324808184,0.08386652056532047,50.4267453556073,52.40229002629561,6.0,2.2003643863785465,2.0,45.0,47.62914137752242,-75.10241608882394,396.647999999999,0.5526315789473685,0,0,0,1,0,0,0,0,232.93142857142857,228.61904761904762,9
3,10,898,327.0,220.0,1.0,2.674235499110633,0.8334781535405169,5.0,0.3453846153846154,0.13298761424638408,68.3882564755148,56.859475903318,7.0710678118654755,2.4587995683988826,2.23606797749979,39.846108607165405,37.78809604101867,-51.88650633329678,291.29799999999943,0.4864572047670638,0,0,0,1,0,0,0,0,313.5356347438753,228.4532293986637,10
3,11,463,409.0,234.0,1.0,3.362389068479156,0.9651604758736996,3.0,0.3788870703764321,0.3198506662848714,60.87206801051125,47.80167361086848,8.48528137423857,2.9042325817937087,2.23606797749979,17.317210992105675,15.927703916683264,18.88220132383749,134.87200000000004,0.6265223274695535,0,0,0,1,0,0,0,0,396.4341252699784,229.7624190064795,11
3,12,1623,151.0,321.0,1.0,1.2721473288031282,0.3853441987392763,3.0,0.5670859538784067,0.13784830380443217,53.25412030450245,54.91812087098393,9.848857801796104,3.3147957626776186,2.8284271247461903,49.11524908119364,49.14145970911879,-17.814149285603527,384.647999999999,0.7455213596692697,0,0,0,0,1,0,0,0,147.46210720887245,317.32285890326557,12
3,13,1152,242.0,326.0,1.0,1.6860680283730276,0.4364938229210496,8.0,0.46153846153846156,0.08770584941509788,52.25170220814572,53.25410782277739,7.810249675906654,2.398640016919262,2.0,46.47738741564124,47.01123550039809,-7.478949830174944,406.2719999999988,0.5880551301684533,0,0,0,0,1,0,0,0,231.48263888888889,317.80121527777777,13
3,14,527,302.0,331.0,1.0,4.961212421341776,0.8115458852546914,4.0,0.19916855631141345,0.19959634813258634,70.38772422439664,53.600373133029585,7.0,2.4424628039120027,2.0,37.94575635239077,41.12675135167911,-60.549744365871184,182.15199999999982,0.3102737709743892,0,0,0,0,1,0,0,0,311.6565464895636,319.24098671726756,14
3,15,688,421.0,321.0,1.0,2.5039128250557114,0.902483485767413,2.0,0.37534097108565195,0.3796315202132888,60.79269186044702,51.97114584074513,8.54400374531753,3.298334102788942,3.0,26.934046665814623,26.18489919533393,39.95393587557313,150.90999999999997,0.628310502283105,0,0,0,0,1,0,0,0,407.7063953488372,315.0581395348837,15
3,16,2155,151.0,403.0,1.0,1.0043127396742308,0.34418103529726285,1.0,0.7529699510831587,0.745453331903298,54.08430323595573,55.47071299343465,24.596747752497688,8.630244609667146,7.615773105863909,50.53513629149525,50.77993102235011,-57.91130224893911,190.59799999999984,0.9478777215746647,0,0,0,0,0,1,0,0,150.90997679814384,402.9155452436195,16
3,17,1656,230.0,418.0,1.0,1.2943907095937863,0.4258608702302421,2.0,0.5680960548885077,0.11511845975374949,54.747232846431956,54.230987451824994,11.0,3.1906035576947476,2.8284271247461903,50.6,49.53467544408081,-60.58756164481342,425.1699999999988,0.7382969237628175,0,0,0,0,0,1,0,0,233.43236714975845,404.93780193236717,17
3,18,1474,322.0,393.0,1.0,1.412763787122728,0.5577493356846815,3.0,0.4785714285714286,0.1559104334723614,55.996588878362665,55.569775957799216,10.198039027185569,3.345259318947148,3.0,48.126072059551966,46.47769764852775,-42.05650767355809,344.6799999999992,0.6849442379182156,0,0,0,0,0,1,0,0,318.9497964721845,404.68453188602444,18
3,19,1065,410.0,414.0,1.0,1.9709001712697163,0.7258312460897093,4.0,0.41343167701863354,0.18582237757783543,60.193527793542756,57.56735185849702,7.615773105863909,2.939473012297114,2.8284271247461903,43.77111752758586,41.4054910836427,-75.80908304985903,268.3679999999993,0.5938109841092836,0,0,0,0,0,1,0,0,401.2600938967136,401.89859154929576,19
3,20,2150,152.0,490.0,1.0,1.0030408207827404,0.2525345818004203,1.0,0.7373113854595336,0.7742075144752759,53.21964229720605,53.85164807134504,24.186773244895647,8.552893614781622,7.615773105863909,51.57101153525332,51.494680300167225,-73.6626261127094,186.80799999999974,0.9471365638766521,0,0,0,0,0,0,1,0,152.04651162790697,489.4976744186047,20
3,21,1545,250.0,493.0,1.0,1.4611671742793444,0.3398501891508906,1.0,0.5300171526586621,0.12717785895999018,55.1911327678744,55.21775076911409,11.40175425099138,3.203170047885764,2.8284271247461903,48.9274422133675,51.90613361575128,-21.530881906907727,390.717999999999,0.6953195319531953,0,0,0,0,0,0,1,0,236.4485436893204,490.2155339805825,21
3,22,1469,311.0,476.0,1.0,1.5684410549801788,0.5050952134586149,3.0,0.4368123699078204,0.1473142520587097,57.94370352551731,58.249463516842795,10.198039027185569,3.3037924200336692,2.8284271247461903,46.326067157378,50.00910296316234,-74.1482342137036,353.9919999999991,0.6502877379371402,0,0,0,0,0,0,1,0,316.15656909462217,486.72430224642613,22
3,23,1438,425.0,485.0,1.0,1.8310953097691567,0.6329831263154906,5.0,0.4286140089418778,0.13832055104764537,64.69288998950121,60.530983801686226,8.602325267042627,3.0722333224195046,2.8284271247461903,52.38517255602895,50.083009391809036,-81.33962130330946,361.44399999999905,0.584315318976026,0,0,0,0,0,0,1,0,406.2086230876217,490.6223922114047,23
3,24,2411,152.0,578.0,1.0,1.002786171283244,0.20939013080679572,1.0,0.7688137755102041,0.8106539993083386,56.05686591407283,57.77542730261716,26.076809620810597,9.083216202283234,8.0,55.0,54.814207425868325,63.19314883147688,193.32399999999978,0.9533412415974696,0,0,0,0,0,0,0,1,152.10161758606387,577.7175445873082,24
3,25,2098,233.0,582.0,1.0,1.0773846944290382,0.3696456640584844,2.0,0.6698595146871009,0.3527104503334379,55.53826009784432,58.60034129593445,18.439088914585774,6.169613419986493,5.0990195135927845,53.0,51.604640366781965,52.37919314314119,273.39999999999935,0.8418940609951845,0,0,0,0,0,0,0,1,235.3512869399428,578.3326978074357,25
3,26,1355,322.0,589.0,1.0,1.5663285954126303,0.5169086747073168,2.0,0.49165457184325106,0.166007415371516,55.80995858202791,55.072679252057455,8.06225774829855,2.9801329159144117,2.8284271247461903,48.16666271665782,47.77558759987674,77.87756296800669,320.26599999999917,0.671124318969787,0,0,0,0,0,0,0,1,316.7881918819188,579.6723247232472,26
3,27,253,404.0,561.0,1.0,2.8672872644293634,0.8808037443512324,2.0,0.26136363636363635,0.5793957952771142,38.862864239535845,44.384682042344295,7.615773105863909,2.925432268533473,2.8284271247461903,18.266362028834845,18.4008486126167,74.33736297328099,74.07600000000004,0.45544554455445546,0,0,0,0,0,0,0,1,403.89328063241106,563.0158102766799,27
3,28,2320,148.0,56.0,1.0,1.0084706093711504,0.38479671491014616,1.0,0.7272727272727273,0.8466443923754897,56.6764537579616,57.8013840664737,25.45584412271571,9.026727030938513,8.0,52.771204268995035,52.312443211843195,-68.24045208011874,185.5659999999997,0.9610604805302403,0,1,0,0,0,0,0,0,147.8719827586207,56.53706896551724,28
4,1,2257,122.0,36.0,1.0,1.0018014200843732,0.3146206121274201,1.0,0.7742710120068611,0.907991014686189,54.99419494269833,54.91812087098393,25.495097567963924,9.138595913255088,8.06225774829855,51.61879502661797,52.201452473193584,-70.50732990366367,176.7379999999998,0.9730545376158655,0,1,0,0,0,0,0,0,122.64023039432875,35.11962782454586,1
4,2,2321,212.0,37.0,1.0,1.0009172324754625,0.25063101580733793,1.0,0.7814814814814814,0.8894764200432126,55.2196830814434,55.362442142665635,26.248809496813376,9.240939126142157,8.06225774829855,53.0,53.45721931669163,-84.87757323834316,181.08199999999982,0.9691022964509396,0,1,0,0,0,0,0,0,211.8005170185265,37.10383455407152,2
4,3,2301,299.0,35.0,1.0,1.00301154888574,0.28585708664654524,1.0,0.7747474747474747,0.8526555099622628,55.309502830086984,55.97320787662612,25.019992006393608,8.934958746373523,8.0,52.755240352171505,53.0015623263449,-84.72167873543279,184.1519999999998,0.9601502190694763,0,1,0,0,0,0,0,0,299.9400260756193,34.993915688830945,3
4,4,1259,380.0,31.0,1.0,1.6015160030901163,0.45051851503879764,2.0,0.465778764335923,0.19084724425339342,53.41923720701315,52.88667128870941,7.280109889280518,2.960869083783141,2.8284271247461903,46.392147638020234,47.69093667070103,-3.6689040221297047,287.92199999999923,0.6456410256410257,0,1,0,0,0,0,0,0,391.0174741858618,38.61397934868943,4
4,5,2135,123.0,129.0,1.0,1.0070386886350609,0.2644121809852138,2.0,0.5842911877394636,0.8025374693452331,53.22385255589408,73.59347797189639,25.495097567963924,8.884000738968695,7.810249675906654,50.94132030102597,51.32960323845448,-70.39690285664575,182.83999999999986,0.8217859892224788,0,0,1,0,0,0,0,0,122.77564402810305,128.90772833723653,5
4,6,2198,210.0,129.0,1.0,1.0013926016080128,0.2705414076710513,1.0,0.7827635327635327,0.8743332091819063,53.896469307478114,53.9351462406472,25.019992006393608,8.978112600259443,8.0,51.0,51.886580466107134,88.21078868177288,177.73799999999983,0.9663662343372168,0,0,1,0,0,0,0,0,209.9208371246588,128.05414012738854,6
4,7,1789,306.0,138.0,1.0,1.131172931566411,0.2102590138324738,1.0,0.661612426035503,0.23116556303126273,51.298588618046416,52.80151512977634,13.92838827718412,4.583768586251452,3.605551275463989,49.11764705882353,50.15184542785133,39.68626768521108,311.85199999999924,0.8371548900327562,0,0,1,0,0,0,0,0,301.90832867523756,129.35662381218557,7
4,8,1054,403.0,139.0,1.0,1.5835320086997884,0.5831044077353542,2.0,0.498109640831758,0.1580677795687846,50.577294415436384,51.22499389946279,7.280109889280518,2.6300326097918227,2.23606797749979,43.03977778648622,41.08885358416377,58.12140706849969,289.4699999999994,0.6534407935523868,0,0,1,0,0,0,0,0,390.8965844402277,126.40037950664137,8
4,9,2013,122.0,219.0,1.0,1.000315023948371,0.20053873044841491,1.0,0.7894117647058824,0.9151861368127125,51.11933203774456,51.07837115648854,25.0,8.68255796578155,7.615773105863909,49.0,50.080882421039384,-85.87664946526469,166.25399999999988,0.9734042553191492,0,0,0,1,0,0,0,0,122.16542473919523,218.91654247391952,9
4,10,1989,209.0,220.0,1.0,1.001045403309655,0.2608445243290628,1.0,0.765,0.889087039066489,51.19749765980687,51.478150704935004,24.515301344262525,8.577167659603433,7.615773105863909,48.93178925810909,49.42508244522861,-81.10218769923955,167.66799999999986,0.9650655021834061,0,0,0,1,0,0,0,0,209.0940170940171,219.72448466566112,10
4,11,1747,294.0,220.0,1.0,1.0590516870347797,0.4269504388523274,1.0,0.7434042553191489,0.46852353366697447,50.8833357305695,51.22499389946279,16.278820596099706,5.96527779743892,5.0,46.0,46.0125297440053,-83.31889517987726,216.46399999999966,0.8961272121056683,0,0,0,1,0,0,0,0,299.51917572982256,222.0406410990269,11
4,12,815,385.0,236.0,1.0,2.2365902685079813,0.424188695483952,4.0,0.3691123188405797,0.15180162625322804,50.4740684564508,52.3450093132096,7.0710678118654755,2.473033176613422,2.23606797749979,44.35621214369382,45.70799518242773,39.400838943843084,259.7439999999995,0.4845422116527942,0,0,0,1,0,0,0,0,391.1239263803681,224.83558282208588,12
4,13,2101,122.0,314.0,1.0,1.0009815430157842,0.27147085761453194,1.0,0.7772844987051424,0.9020430798980318,52.69204862637725,52.55473337388365,25.079872407968907,8.839416546802363,7.810249675906654,50.0,50.713286212323204,-84.10469776853478,171.08199999999982,0.9708872458410351,0,0,0,0,1,0,0,0,121.6825321275583,313.74393146120894,13
4,14,2005,208.0,315.0,1.0,1.0009173806214133,0.2461819886007948,1.0,0.7711538461538462,0.902536782807749,51.30073286039129,51.478150704935004,24.186773244895647,8.606915594997519,7.615773105863909,49.0,49.72188208894902,-77.64311773614331,167.08199999999988,0.9702395354464072,0,0,0,0,1,0,0,0,208.40249376558603,314.0139650872818,14
4,15,1785,300.0,317.0,1.0,1.013481580331476,0.32456147453299555,1.0,0.7285714285714285,0.6577559616792028,49.28389245944533,49.72926703662542,20.09975124224178,7.173879256946528,6.324555320336759,47.43081702262229,46.61588942861079,-89.32296418404239,184.66799999999984,0.9191555097837281,0,0,0,0,1,0,0,0,299.15238095238095,314.9495798319328,15
4,16,1327,409.0,308.0,1.0,1.6667198763916609,0.30298692388900444,2.0,0.5003770739064857,0.09462823667046218,54.28957047567939,52.49761899362675,5.830951894845301,2.3206909424401556,2.0,49.975731815470226,51.7376736613182,-23.350227713374682,419.78799999999876,0.6253534401508011,0,0,0,0,1,0,0,0,391.5086661642803,313.83571966842504,16
4,17,1906,121.0,403.0,1.0,1.0011412742582215,0.27575171374587526,1.0,0.7785947712418301,0.9097916279165116,50.226408102341836,50.35871324805669,24.0,8.429574559749812,7.280109889280518,47.0,48.279074858875916,-85.24844445886805,162.2539999999999,0.9702214303894119,0,0,0,0,0,1,0,0,120.73137460650577,403.0445960125918,17
4,18,1870,210.0,407.0,1.0,1.0010601397059153,0.2587709513546307,1.0,0.7950680272108843,0.8979569157251437,49.63179161233159,49.76946855251722,23.53720459187964,8.307173691337413,7.211102550927978,47.0,47.94126884871982,-83.08532716057854,161.76999999999992,0.9686609686609684,0,0,0,0,0,1,0,0,209.76417112299464,407.16524064171125,18
4,19,1763,293.0,407.0,1.0,1.04339036233999,0.3302272635073677,1.0,0.7345833333333334,0.593832219636103,49.74460299691223,49.8196748283246,17.804493814764857,6.504459228988616,5.830951894845301,47.0,46.954003086189736,78.90418393289603,193.1519999999997,0.9108757427021441,0,0,0,0,0,1,0,0,298.6426545660805,406.52127056154285,19
4,20,1199,377.0,403.0,1.0,1.5262756522585395,0.43192240842288504,3.0,0.49058919803600654,0.19097435185486458,50.66545753347869,51.62363799656123,7.810249675906654,3.021184730853499,2.8284271247461903,44.668473150234995,45.69572170576106,-64.8642955521385,280.88399999999933,0.6768275472763196,0,0,0,0,0,1,0,0,391.10592160133444,405.91993327773145,20
4,21,2079,121.0,499.0,1.0,1.0006581542258626,0.2163897336283583,1.0,0.7993079584775087,0.916460320717515,52.04575324489349,52.20153254455275,25.0,8.80064610402622,7.810249675906654,50.0,50.812636543229495,-40.11004425437514,168.8399999999999,0.9730868242452609,0,0,0,0,0,0,1,0,121.80086580086581,498.51611351611353,21
4,22,2008,210.0,500.0,1.0,1.001259537805854,0.22615185364209103,1.0,0.7571644042232277,0.8562387483282358,51.22299909493448,51.62363799656123,24.041630560342615,8.499112464081623,7.447941497572213,49.49747468305833,49.89591664832042,-79.68847698784138,171.6679999999999,0.961225466730493,0,0,0,0,0,0,1,0,209.50647410358565,500.398406374502,22
4,23,1713,301.0,500.0,1.0,1.0548190201248133,0.3689804243515954,1.0,0.6585928489042676,0.33827542176415437,49.65987649360181,50.93132631298737,17.08800749063506,5.599377524966664,4.242640687119285,46.8,46.155734896252426,-74.87399370085718,252.25999999999954,0.8644965934897805,0,0,0,0,0,0,1,0,298.58493870402805,497.9235259778167,23
4,24,1417,391.0,499.0,1.0,1.3493614878097133,0.6182822769531723,2.0,0.4771043771043771,0.16514219724844556,54.82907771760181,55.21775076911409,11.40175425099138,3.310454174113735,2.8284271247461903,42.34940602526079,43.093249306098784,-30.837771907190064,328.36799999999914,0.6847064508335347,0,0,0,0,0,0,1,0,389.3620324629499,499.40719830628086,24
4,25,2363,121.0,589.0,1.0,1.0007688886101935,0.21983864024688804,1.0,0.7811570247933884,0.9031564828428978,55.50492008730978,55.60575509783138,26.832815729997478,9.336010466526547,8.06225774829855,53.632504552318416,54.14706151859339,34.792576624288984,181.32399999999978,0.9694358974358974,0,0,0,0,0,0,0,1,120.85103681760474,589.1248413034278,25
4,26,2367,209.0,594.0,1.0,1.0012184761645295,0.22656226680711655,1.0,0.7685064935064935,0.885053395531883,55.60702623101118,56.04462507680822,26.476404589747453,9.29055557896351,8.06225774829855,53.70704007712726,54.16105912231411,-80.07719673126255,183.32399999999978,0.9665169456921192,0,0,0,0,0,0,0,1,209.0232361639206,593.2505280946345,26
4,27,2187,296.0,586.0,1.0,1.0214321483964184,0.38498719362492223,1.0,0.75,0.6044976567512353,55.38486322980811,56.462376853972415,20.591260281974,7.546689497551669,6.708203932499369,52.57164186222347,51.11590402079148,-82.7048137869468,213.2219999999997,0.9210360075805433,0,0,0,0,0,0,0,1,298.4092363968907,590.6620941929584,27
4,28,1240,390.0,589.0,1.0,1.4597982427638336,0.6328710586190649,4.0,0.5816135084427767,0.17769633418255906,53.65440839945261,54.08326913195984,8.246211251235321,3.0538710593775,2.8284271247461903,40.0,41.542312410380106,86.277899153313,296.12599999999935,0.6835722160970232,0,0,0,0,0,0,0,1,389.8459677419355,592.5612903225806,28
5,1,1268,122.0,220.0,1.0,1.144461516128798,0.44823641502951617,1.0,0.6143410852713178,0.20753611452244417,45.30823161229035,47.75981574503821,12.806248474865697,4.16665061835853,3.1622776601683795,41.38050451415683,40.501710117608255,-87.54814545726246,277.0879999999995,0.7812692544670364,0,0,0,1,0,0,0,0,124.5686119873817,220.81545741324922,1
5,2,38,208.0,240.0,1.0,45.24976650011079,0.9689031381690183,3.0,0.057926829268292686,0.2908115935577607,64.18519286569337,40.19950248448356,2.0,1.1507347910883645,1.0,12.037036342158272,15.882004257877066,80.93559293823692,40.52200000000001,0.11030478955007257,0,0,0,1,0,0,0,0,208.47368421052633,226.28947368421052,2
5,3,16,365.0,217.0,1.0,1.1090681096413186,0.6268613475570777,1.0,0.6666666666666666,0.5296312535077837,5.3945768189284395,5.0990195135927845,2.0,1.2026650429449555,1.0,3.0,4.203081116793013,15.34559057034693,19.483999999999998,0.8421052631578947,0,0,0,1,0,0,0,0,364.6875,216.375,3
5,4,1810,128.0,395.0,1.0,1.0035408637073693,0.23353166966077643,1.0,0.7695578231292517,0.8577609116814366,48.73460272278461,50.11985634456667,22.02271554554524,7.961682304959454,7.0710678118654755,46.95742752749558,47.387051782487404,-34.98258186866306,162.83999999999992,0.957418672308913,0,0,0,0,0,1,0,0,129.0171270718232,394.0961325966851,4
5,5,622,211.0,397.0,1.0,1.9207202192583808,0.6301954126969229,6.0,0.36247086247086246,0.07725127886873355,43.56263815584974,44.14748010928823,6.082762530298219,1.941890325263119,1.4142135623730951,38.0,33.823625197899275,-47.09735640652677,318.0879999999993,0.46262551134250646,0,0,0,0,0,1,0,0,208.89710610932477,395.99356913183277,5
5,6,257,285.0,407.0,1.0,5.5863279997579385,0.6912675557138573,10.0,0.1649550706033376,0.07458885843232214,48.9934655303599,41.036569057366385,3.0,1.3591728633118783,1.0,32.32993534019398,35.40262416843908,-49.88623639070293,208.08199999999982,0.23342415985467763,0,0,0,0,0,1,0,0,295.5369649805447,396.40077821011675,6
5,7,1477,133.0,482.0,1.0,1.0128766132578038,0.2191935995821334,1.0,0.7459595959595959,0.7202591257345431,44.163478206018645,45.803929962395145,18.681541692269406,6.800220029464703,6.0,42.99209229614209,43.08948360208105,-89.50516924428413,160.5279999999999,0.9289308176100628,0,0,0,0,0,0,1,0,130.6046039268788,482.51726472579554,7
5,8,400,218.0,483.0,1.0,3.459431902043373,0.32216505609412904,15.0,0.2379535990481856,0.04303001344131181,43.09789651760118,43.08131845707603,3.0,1.2969793878374307,1.0,36.90825081336407,40.8000681429719,72.41146363073192,341.7819999999992,0.3194888178913738,0,0,0,0,0,0,1,0,213.525,481.49,8
5,9,130,299.0,492.0,1.0,7.09462279794248,0.875612829898464,7.0,0.16731016731016732,0.11349557746854753,43.643803586797866,36.345563690772494,2.8284271247461903,1.2669788601698477,1.0,18.80937349090426,21.080552239236464,89.3403319792377,119.97400000000005,0.24621212121212127,0,0,0,0,0,0,1,0,300.5769230769231,475.96153846153845,9
5,10,4,122.0,575.0,1.0,1.3744467859455345,0.905623826852829,1.0,0.6666666666666666,0.7100106122358111,3.5504413610999106,2.23606797749979,1.0,1.0,1.0,0.8944271909999159,1.5056780284671625,71.56505117707799,8.414,1.3333333333333333,0,0,0,0,0,0,0,1,122.25,575.25,10
5,11,159,109.0,44.0,1.0,4.48794372844568,0.9088254607731407,1.0,0.24537037037037038,0.22249498178235155,39.357850668166556,30.805843601498726,2.23606797749979,1.4129026649816316,1.0,14.95475128470083,16.41917273361869,-56.004644708900244,94.76400000000002,0.4140625,0,1,0,0,0,0,0,0,114.58490566037736,43.17610062893082,11
5,12,485,120.0,155.0,1.0,3.8821465269520106,0.5957866975621942,4.0,0.23962450592885376,0.11880385399562006,53.95612431082905,46.32493928760188,4.123105625617661,1.8181686090119573,2.0,39.43535901933196,43.33446784573946,9.406668225401575,226.49599999999958,0.3311710481392967,0,0,1,0,0,0,0,0,126.56494845360825,144.64123711340207,12
6,1,627,217.0,44.0,1.0,2.720622772537958,0.7022713775824416,10.0,0.285,0.04187804645015632,53.665507046469045,50.21951811795888,4.242640687119285,1.4822698024412428,1.0,43.0,38.2049758472992,-14.833183822729579,433.7559999999988,0.34002169197396964,0,1,0,0,0,0,0,0,211.07974481658692,36.781499202551835,1
6,2,37,317.0,57.0,1.0,52.279207809869014,0.6990100174375814,4.0,0.03388278388278388,0.2250637713985406,57.05348086588239,39.293765408777,2.0,1.1212238209253667,1.0,25.706259251510755,40.79962174732277,89.08397627669245,45.45200000000001,0.053237410071942444,0,1,0,0,0,0,0,0,305.81081081081084,46.567567567567565,2
6,3,2190,123.0,133.0,1.0,1.000882396071042,0.2434193422733934,1.0,0.7799145299145299,0.8977821799247488,53.591291091949095,53.53503525729669,25.495097567963924,8.989525207095777,8.0,51.0,51.97932631541131,79.89114214430002,175.0819999999998,0.9694555112881804,0,0,1,0,0,0,0,0,122.4771689497717,133.475799086758,3
6,4,2039,212.0,134.0,1.0,1.0077243785395815,0.30999922061022456,2.0,0.7124388539482879,0.7513526083271117,52.38994891305931,57.4543296888929,23.769728648009426,8.356040875229464,7.211102550927978,49.35081845598623,49.80905294236675,-64.71436540390701,184.66799999999984,0.9178483006977267,0,0,1,0,0,0,0,0,212.07454634624816,133.42569887199608,4
6,5,959,307.0,132.0,1.0,2.099800355973212,0.4095219826564581,12.0,0.35518518518518516,0.03728944054483867,52.86876662660884,57.38466694161429,6.708203932499369,1.7290114627563145,1.4142135623730951,47.460104703440535,48.23218899821817,38.69863916607767,568.4879999999982,0.45289256198347105,0,0,1,0,0,0,0,0,303.3138686131387,136.4462982273201,5
6,6,96,397.0,128.0,1.0,12.021722213504889,0.5261905358529705,7.0,0.0653061224489796,0.14466661330758196,41.29693945215821,44.77722635447622,2.8284271247461903,1.279315933282166,1.0,29.73226685450829,35.11754201300305,55.30576431087878,91.31800000000003,0.09284332688588008,0,0,1,0,0,0,0,0,394.3125,123.125,6
6,7,2363,123.0,226.0,1.0,1.0008108103346152,0.2254226975555434,1.0,0.7672077922077922,0.8949642706590167,55.541470078711775,55.731499172371095,26.832815729997478,9.312665610720114,8.06225774829855,53.74011537017761,54.111891353061374,89.24833116102134,182.15199999999976,0.9688396883968842,0,0,0,1,0,0,0,0,122.99534490055015,225.97122302158274,7
6,8,2112,214.0,226.0,1.0,1.004713284157715,0.18638262780851286,1.0,0.7663280116110305,0.8050720067844317,52.400544270017136,53.75872022286245,23.345235059857504,8.316457453753324,7.211102550927978,51.0,51.48234181377904,-60.265079722043595,181.56599999999975,0.9519945909398242,0,0,0,1,0,0,0,0,212.82007575757575,227.0213068181818,8
6,9,1036,313.0,217.0,1.0,2.2768787633593064,0.44297991329095543,9.0,0.37618010167029775,0.05964157150871022,57.66274451589985,53.85164807134504,5.0,1.9347707537553451,2.0,47.371810685822744,51.69646895513711,-82.30350990113445,467.2079999999984,0.4819725517562224,0,0,0,1,0,0,0,0,309.11583011583014,228.1196911196911,9
6,10,201,402.0,246.0,1.0,11.303921417664984,0.6892818608902711,7.0,0.11809635722679201,0.13083948601079665,61.55097195170608,49.24428900898052,4.0,1.4979958569068115,1.0,34.29778317959461,44.59326570441082,-88.3935856286798,138.94199999999998,0.1439312567132116,0,0,0,1,0,0,0,0,400.6517412935323,231.1044776119403,10
6,11,807,133.0,311.0,1.0,2.5504985764638577,0.6305459099806611,10.0,0.3233173076923077,0.044999946783181574,57.15392578253876,52.20153254455275,7.211102550927978,1.8795741022631347,1.4142135623730951,46.53238671827,44.36013116416099,-74.42517737302641,474.717999999999,0.4077817079332997,0,0,0,0,1,0,0,0,127.62825278810409,325.2453531598513,11
6,12,2140,219.0,331.0,1.0,1.181370164535668,0.3366431960898578,5.0,0.4697102721685689,0.13013880373142847,58.36638558618459,85.7962703152066,15.652475842498529,4.731672867866494,4.0,61.06332867772906,54.95967297625748,27.20386575630613,454.5779999999989,0.6264637002341921,0,0,0,0,1,0,0,0,210.49906542056075,324.98504672897195,12
6,13,239,316.0,313.0,1.0,5.922661708804916,0.7281074532092066,9.0,0.12578947368421053,0.08004763836886292,49.50614504163627,50.21951811795888,4.47213595499958,1.4551308388485669,1.0,36.426726623158665,33.93463113967565,-80.1978107910533,193.7,0.16860670194003527,0,0,0,0,1,0,0,0,311.0878661087866,317.9456066945607,13
6,14,67,410.0,316.0,1.0,5.776729189233047,0.940669041032157,2.0,0.10403726708074534,0.4509372729469472,29.768935747608943,32.449961479175904,3.605551275463989,1.6292917412894619,1.4142135623730951,9.645980708057875,10.101357265300068,-52.796090525758274,43.21000000000001,0.32367149758454106,0,0,0,0,1,0,0,0,408.76119402985074,317.0149253731343,14
6,15,2229,122.0,416.0,1.0,1.0013444821130302,0.2579650872963095,1.0,0.76440329218107,0.8791499505361238,54.17986231714462,54.037024344425184,25.298221281347036,9.012790241137328,8.0,52.11447897579826,52.34610365171243,-88.60028078469855,178.49599999999984,0.9653529666522306,0,0,0,0,0,1,0,0,122.60834454912516,415.43562135486764,15
6,16,1803,221.0,421.0,1.0,1.1400177532557827,0.2695502519663204,1.0,0.6542089985486212,0.22257263042582176,52.07925718032342,54.120236510939236,13.601470508735444,4.296780073837696,3.605551275463989,50.08792269599529,50.15161246804335,35.10085076905973,319.0559999999994,0.8289655172413795,0,0,0,0,0,1,0,0,214.89517470881864,420.2961730449251,16
6,17,582,321.0,425.0,1.0,2.6345878727326912,0.7218378571945955,5.0,0.2969387755102041,0.11000490533138015,51.36224539520195,48.373546489791295,5.385164807134504,1.9797329813636741,2.0,34.242321553391406,35.545869259544084,61.102297307874515,257.84599999999944,0.4356287425149701,0,0,0,0,0,1,0,0,308.87972508591065,413.14948453608247,17
6,18,145,402.0,442.0,1.0,9.137790270889033,0.741310029734201,4.0,0.12641673931996514,0.25421479288113924,48.21938448013265,38.41874542459709,3.605551275463989,1.6736319234271757,1.4142135623730951,28.93633486483449,32.36305479257831,63.809763683446526,84.66200000000003,0.19931271477663232,0,0,0,0,0,1,0,0,400.24827586206897,429.4689655172414,18
6,19,2093,124.0,513.0,1.0,1.0024213891408882,0.2990236596790043,1.0,0.7594339622641509,0.8661908268305326,52.84560518497291,53.48831648126533,24.596747752497688,8.710703690871606,7.615773105863909,50.27396640522018,50.427691372757714,86.12153403955755,174.25399999999985,0.963849873359429,0,0,0,0,0,0,1,0,124.31151457238414,513.4242713807931,19
6,20,1672,220.0,521.0,1.0,1.1624386740884005,0.5002590738145455,3.0,0.6185719570847207,0.2301812453330593,53.15299897611286,54.120236510939236,13.416407864998739,4.7067293668610635,4.0,48.56697572653376,46.023894222971784,61.2908674783023,302.1259999999994,0.8038461538461539,0,0,0,0,0,0,1,0,214.42703349282297,514.851076555024,20
6,21,441,316.0,531.0,1.0,4.785555264576085,0.5099265735626597,12.0,0.20851063829787234,0.0762818716880365,55.53820888588077,50.774009099144415,4.123105625617661,1.6964482935435516,1.4142135623730951,42.42640687119285,47.774963163815485,46.576299581345964,269.5339999999996,0.27519500780031203,0,0,0,0,0,0,1,0,308.1655328798186,514.2403628117913,21
6,22,3,415.0,502.0,1.0,586.4306286700947,0.9057281124589059,3.0,0.0035294117647058825,0.2617993877991494,61.586191370126954,36.24913792078372,1.0,1.0,1.0,14.400342461681202,26.103871253524726,-57.75693521376713,12.0,0.01098901098901099,0,0,0,0,0,0,1,0,402.0,519.0,22
6,23,1877,119.0,610.0,1.0,1.0748089790081226,0.28797531942599985,5.0,0.6362711864406779,0.31998385803448537,51.73409684880155,63.50590523722971,18.439088914585774,6.5438088104444985,5.656854249492381,48.82495372445006,49.54252829608663,-27.188161114605915,271.5019999999995,0.7497503495106849,0,0,0,0,0,0,0,1,121.80021310602025,606.5205114544486,23
6,24,69,208.0,601.0,1.0,15.474191187375828,0.7653281324474551,6.0,0.05609756097560976,0.1332664971515181,43.84698702049898,41.48493702538308,2.0,1.1614802264308832,1.0,26.85836095102094,28.221688353441568,12.482693439278071,80.66200000000003,0.0923076923076923,0,0,0,0,0,0,0,1,214.20289855072463,607.6231884057971,24
6,25,1,305.0,607.0,1.0,0.0,0.0,1.0,1.0,0.7853981633974483,0.095,0.0,1.0,1.0,1.0,0.0,0.095,0.0,4.0,1.0,0,0,0,0,0,0,0,1,305.0,607.0,25
6,26,683,143.0,40.0,1.0,4.545467824572616,0.349621586722295,2.0,0.26805337519623235,0.071171486787953,64.82149459267654,52.478567053607705,3.605551275463989,1.587580211928202,1.4142135623730951,47.80147625414378,60.73067489792676,72.93591555483968,347.26599999999917,0.3339853300733496,0,1,0,0,0,0,0,0,123.74816983894583,35.935578330893115,26
7,1,2395,134.0,57.0,1.0,1.0115899348163944,0.40508275360103946,1.0,0.7248789346246973,0.7088757896110573,57.92363927816194,58.463663928973865,24.413111231467404,8.681582893930857,7.615773105863909,53.92561985795082,52.95842632364601,85.22381822749854,206.04999999999976,0.933541220035081,0,1,0,0,0,0,0,0,133.87014613778706,58.04676409185804,1
7,2,2040,211.0,56.0,1.0,1.1224721836588922,0.6530601978291071,1.0,0.6181818181818182,0.5838899819807971,60.82875037463067,59.464274989274024,17.88854381999832,6.60245602274926,6.0,46.39297918166237,46.0659776462869,71.40848159030666,209.53399999999965,0.8772307030746076,0,1,0,0,0,0,0,0,214.10735294117646,60.12156862745098,2
7,3,1816,303.0,39.0,1.0,1.2585057604891983,0.7467394472330037,1.0,0.5513054037644202,0.4467243782088755,63.47162761289111,61.0,13.038404810405298,5.31192777807232,5.0,43.88482709069831,42.21603822883432,-62.81695248522311,226.01799999999963,0.8245175936435868,0,1,0,0,0,0,0,0,300.3469162995595,55.42070484581498,3
7,4,1220,388.0,54.0,1.0,1.2704231640727377,0.8504768385633155,1.0,0.5980392156862745,0.6844028103026211,55.575409573494255,51.264022471905186,14.035668847618199,5.475758140932987,5.0,29.42562444546088,29.233359965099982,-28.743459727100827,149.66799999999998,0.9135155372519654,0,1,0,0,0,0,0,0,378.85737704918034,59.165573770491804,4
7,5,1963,135.0,148.0,1.0,1.013514426879973,0.4174731342297038,1.0,0.7262301146873844,0.7353715648441891,52.64553319302181,54.20332093147061,22.090722034374522,7.796867819652442,7.0,47.58772153482359,47.83843091687539,-70.96120475720403,183.15199999999984,0.9327631266334047,0,0,1,0,0,0,0,0,135.19460010188487,145.86500254712175,5
7,6,1829,226.0,149.0,1.0,1.0517641607964858,0.5242191200801057,1.0,0.7042741624951867,0.5790938838513786,53.255229344345445,54.42425929675111,17.08800749063506,6.332586648928972,5.656854249492381,46.29261701153174,45.35127011667287,-29.241784631489296,199.22199999999975,0.9036561264822134,0,0,1,0,0,0,0,0,219.47293603061783,148.56478950246037,6
7,7,1241,309.0,133.0,1.0,1.686182427674637,0.5444686663060848,3.0,0.561792666364871,0.26390924517111414,55.89084909699469,53.85164807134504,10.04987562112089,3.724139232667502,3.1622776601683795,45.927580910939255,46.88019247301049,-40.32032869817364,243.08799999999954,0.6608093716719915,0,0,1,0,0,0,0,0,297.50846091861405,146.638195004029,7
7,8,1621,385.0,145.0,1.0,1.1477965416037303,0.608022608920541,1.0,0.6486594637855142,0.5048102067786046,53.87849343066719,56.61271941887264,13.601470508735444,5.201095616158161,5.0,43.76470588235294,42.77519791754547,51.83202125303927,200.87799999999973,0.8636121470431538,0,0,1,0,0,0,0,0,382.2967304133251,149.4799506477483,8
7,9,2170,136.0,231.0,1.0,1.012258883348646,0.3596331398731771,1.0,0.705003248862898,0.7745282550464713,54.64389701508805,56.32051136131489,23.706539182259394,8.405624345064872,7.280109889280518,50.47245855082699,50.98788049090008,-78.03900135313239,187.63599999999974,0.9311306586569406,0,0,0,1,0,0,0,0,135.82718894009216,230.8709677419355,9
7,10,1051,223.0,247.0,1.0,1.5274983059476415,0.7185089536875989,3.0,0.5340447154471545,0.2558787125836431,52.46800498967946,52.478567053607705,9.219544457292887,3.39285706508582,3.0,36.20328375545172,36.492426623889266,31.088243450795684,227.18999999999963,0.7056059080228264,0,0,0,1,0,0,0,0,216.686013320647,237.5803996194101,10
7,11,1351,303.0,229.0,1.0,1.244511440387239,0.7273141393976486,1.0,0.6590243902439025,0.38783813918684207,53.923691009636514,56.4003546088143,10.816653826391969,4.282730392058634,4.0,39.65329039929027,37.008082635874764,-56.73915503876747,209.22199999999975,0.8190360715368293,0,0,0,1,0,0,0,0,298.3501110288675,231.2516654330126,11
7,12,691,376.0,227.0,1.0,1.0951792257986692,0.7423675300262136,1.0,0.7382478632478633,0.8255281500416731,36.488159968906366,35.4400902933387,12.0,4.731968044848858,4.242640687119285,24.16665113388752,24.44680714144804,-16.17422937607111,102.56000000000004,0.9407760381211707,0,0,0,1,0,0,0,0,372.04196816208395,228.67872648335745,12
7,13,2121,133.0,318.0,1.0,1.0075402787121188,0.3966887489520308,1.0,0.7276157804459691,0.7609595773911253,54.30702063216573,55.31726674375732,23.769728648009426,8.466389346686514,7.280109889280518,50.03189993630019,49.8513021608741,-65.43961325419544,187.1519999999998,0.9414114513981356,0,0,0,0,1,0,0,0,132.8151815181518,318.4380009429514,13
7,14,1513,219.0,319.0,1.0,1.061391434884072,0.2790011391547007,1.0,0.7309178743961353,0.5640438913304676,46.106185248606835,51.31276644267,17.4928556845359,6.170698445104307,5.0990195135927845,42.948518960481934,44.275344167832706,-19.042685697098452,183.59799999999981,0.8837616822429905,0,0,0,0,1,0,0,0,216.30667547918043,317.6272306675479,14
7,15,305,281.0,325.0,1.0,1.0089556411180147,0.4049342014520294,1.0,0.6931818181818182,0.8287341610012409,20.706738057842962,21.02379604162864,9.055385138137417,3.5277813398481626,3.0,18.384776310850235,18.933119546903008,10.353243109064904,68.00600000000003,0.9256449165402124,0,0,0,0,1,0,0,0,281.2295081967213,324.7573770491803,15
7,16,1177,395.0,325.0,1.0,1.1765911998304575,0.7752208214507501,1.0,0.6627252252252253,0.6859580786057452,50.19145420813152,48.05205510693585,12.727922061357855,5.324303346461628,5.0,33.274910761151936,31.705456469509723,74.79565562414746,146.84,0.8977879481311974,0,0,0,0,1,0,0,0,390.07221750212403,323.9243840271878,16
7,17,2179,135.0,405.0,1.0,1.0072321468458512,0.38341428406063066,1.0,0.7629551820728291,0.8014476772570276,54.88081226166433,55.08175741568164,24.08318915758459,8.598563751948316,7.615773105863909,49.96398703066039,50.68662658722586,-74.32574065542661,184.8399999999998,0.952568306010929,0,0,0,0,0,1,0,0,134.95456631482332,405.60027535566775,17
7,18,1682,220.0,411.0,1.0,1.0823435011351379,0.45635104600891074,1.0,0.6220414201183432,0.4638596212843483,50.839042693011,53.48831648126533,15.556349186104045,5.602708474518994,5.0,47.12505323288065,45.236571126760076,-63.194370042940044,213.46399999999977,0.8456510809451985,0,0,0,0,0,1,0,0,216.72770511296076,407.4155766944114,18
7,19,1468,302.0,415.0,1.0,1.1850357226810175,0.6349556187226948,1.0,0.650709219858156,0.41253712126069614,52.644498286626614,54.644304369257,12.36931687685298,4.617832910685856,4.123105625617661,41.886379680012276,40.67043422896078,-55.729022607885845,211.46399999999966,0.8162357520155684,0,0,0,0,0,1,0,0,303.63010899182564,408.5401907356948,19
7,20,1110,397.0,399.0,1.0,1.3074734986468095,0.8515800771298428,1.0,0.7307439104674127,0.626741348648911,53.82144536382989,49.72926703662542,13.45362404707371,4.9588930770726805,4.47213595499958,28.30100808846797,28.21452263805519,7.179288120257593,149.18399999999997,0.8901363271852446,0,0,0,0,0,1,0,0,386.7810810810811,397.56396396396394,20
7,21,2200,136.0,491.0,1.0,1.0093905868569706,0.398121199423596,1.0,0.7282356835484939,0.745002347757753,55.37510478852578,56.22277118748239,23.259406699226016,8.453170597514985,7.280109889280518,51.84683324608224,50.79740127251161,-78.25315810890605,192.63599999999974,0.9357720119098258,0,0,0,0,0,0,1,0,134.21136363636364,493.3536363636364,21
7,22,1752,226.0,495.0,1.0,1.0711421274390236,0.5585951021042539,1.0,0.6621315192743764,0.5108254565728203,53.178083703824306,54.70831746635972,16.278820596099706,6.016693439127365,5.385164807134504,45.019139506596055,44.108055338256065,12.99013062351859,207.6039999999998,0.8817312531454454,0,0,0,0,0,0,1,0,219.34189497716895,493.03881278538813,22
7,23,1732,303.0,501.0,1.0,1.1184323318476852,0.339591615087539,1.0,0.6792156862745098,0.5305934343938433,51.1298933022814,55.758407437802596,15.231546211727817,5.640919578233363,5.0990195135927845,47.57923456345043,48.09139622609197,-66.7715496933917,202.5339999999997,0.8300982506589983,0,0,0,0,0,0,1,0,302.11200923787527,496.28175519630486,23
7,24,1094,379.0,497.0,1.0,1.1814879273363899,0.8046377571832657,1.0,0.6205331820760068,0.7330841898854163,49.31909405440765,46.04345773288535,14.317821063276353,5.425397263064196,5.0,29.698484809834994,29.284001904632873,41.5401354068158,136.942,0.9302721088435373,0,0,0,0,0,0,1,0,385.0877513711152,502.1416819012797,24
7,25,2665,133.0,580.0,1.0,1.0189900522458606,0.46629619590646654,1.0,0.7285401858939311,0.719751579291032,62.22931605982152,61.814237842102365,24.166091947189145,8.992075139725475,8.0,55.461016851874454,55.04983618290677,-78.85113777153173,215.70599999999968,0.9298674110258198,0,0,0,0,0,0,0,1,133.49943714821762,583.1519699812383,25
7,26,2324,219.0,579.0,1.0,1.0681239003668708,0.35059150083959273,1.0,0.624731182795699,0.5649502770535719,57.983509925500194,61.5223536610881,18.027756377319946,6.954810765203011,6.324555320336759,55.019571832862646,54.303208591672735,-48.43988161082056,227.36199999999963,0.877312193280483,0,0,0,0,0,0,0,1,216.78786574870912,583.6815834767642,26
7,27,2313,304.0,569.0,1.0,1.2140085239486877,0.34843158775680677,1.0,0.5562770562770563,0.348703114467361,61.63903640694792,65.19202405202648,13.601470508735444,5.147598626663068,5.0,55.154328932550705,57.77637773953673,30.870696654942655,288.71199999999936,0.8226925128934732,0,0,0,0,0,0,0,1,302.4383916990921,582.3151750972762,27
8,1,3144,130.0,41.0,1.0,1.0028323849254,0.3402852903354988,1.0,0.7801488833746898,0.8884435798210876,65.21180648705796,65.11528238439882,30.23243291566195,10.675907872591605,9.433981132056603,59.92662179699436,61.32011216335537,68.63279331795945,210.87799999999964,0.975488675147378,0,1,0,0,0,0,0,0,130.51081424936388,41.93066157760814,1
8,2,3108,217.0,44.0,1.0,1.004428406382509,0.39496448429729714,1.0,0.7595307917888563,0.863808128058276,65.59294236840306,65.27633568147036,29.732137494637012,10.528417714182416,9.219544457292887,60.29067355668764,60.25999933279801,81.27320389586339,212.63599999999965,0.9667185069984451,0,1,0,0,0,0,0,0,217.3011583011583,43.79890604890605,2
8,3,3316,303.0,43.0,1.0,1.0053812033451204,0.3581492856663139,1.0,0.7740429505135388,0.8698015205091487,67.27723214196511,68.41052550594829,30.23243291566195,10.700510245072392,9.433981132056603,62.0,62.81435216255785,87.76332278962337,218.87799999999956,0.961995938497244,0,1,0,0,0,0,0,0,302.5747889022919,42.247587454764776,3
8,4,2611,392.0,44.0,1.0,1.0326059409456005,0.5348761204518903,1.0,0.728515625,0.7378263953285178,63.23578316968703,66.12866246946176,23.021728866442675,8.53980401393218,7.615773105863909,53.126264690828776,53.42984136532337,0.19713180686258272,210.87799999999964,0.9358422939068101,0,1,0,0,0,0,0,0,392.2550746840291,44.000765990042126,4
8,5,2471,130.0,135.0,1.0,1.0013352058358076,0.28866992259593727,1.0,0.7746081504702195,0.8904657158488257,57.289040878220185,57.42821606144492,27.073972741361768,9.542333789147303,8.48528137423857,54.0,54.850170741680365,84.73497823477966,186.73799999999977,0.9724517906336089,0,0,1,0,0,0,0,0,130.23957911776608,133.76811007689196,5
8,6,2389,215.0,133.0,1.0,1.0024045520896365,0.2899725912182551,1.0,0.7627713920817369,0.8663444560284472,56.37318268387854,57.3149195236284,26.40075756488817,9.226349919472964,8.06225774829855,53.0,53.951106095376886,83.35436578787272,186.15199999999976,0.9635007057874572,0,0,1,0,0,0,0,0,215.34198409376307,133.1084135621599,6
8,7,2508,304.0,134.0,1.0,1.006695934137954,0.3393034965827653,1.0,0.7333333333333333,0.8369704055298017,58.35571205622082,59.682493245507096,25.298221281347036,9.143884734271541,8.06225774829855,54.23236747117594,54.89387363366381,-89.42745824412796,194.04999999999967,0.9514415781487102,0,0,1,0,0,0,0,0,303.63437001594895,133.96172248803828,7
8,8,1987,395.0,117.0,1.0,1.240212964215748,0.30067339780186203,1.0,0.6228840125391849,0.3318657618061521,57.279194803134516,61.587336360651285,13.0,4.687649125904603,4.242640687119285,51.34012076339517,54.6287241510122,-75.35664835926742,274.29799999999943,0.7892750744786496,0,0,1,0,0,0,0,0,391.3568193256165,129.028686462003,8
8,9,2516,130.0,222.0,1.0,1.0699429094143278,0.4456326147259193,2.0,0.6024904214559387,0.6462335832675953,61.63351606943863,71.56814934033156,27.0,9.166318516857535,8.0,55.18996329661347,55.17530579856035,4.057239831525851,221.1899999999996,0.8748261474269817,0,0,0,1,0,0,0,0,128.66693163751987,221.3716216216216,9
8,10,2440,215.0,222.0,1.0,1.0014972339864707,0.27685805489407384,1.0,0.7648902821316614,0.8569940664584729,56.834804418763724,57.3149195236284,26.68332812825267,9.400153238904698,8.246211251235321,54.0,54.613178916253254,-89.06056521565999,189.15199999999976,0.9665280253515548,0,0,0,1,0,0,0,0,214.77131147540985,222.09672131147542,10
8,11,2387,303.0,225.0,1.0,1.0079421877253716,0.2132482993666541,1.0,0.7478070175438597,0.7531633487746747,55.94392827459392,57.4543296888929,24.20743687382041,8.544590124276006,7.615773105863909,54.381173212794884,54.65710806384151,-57.95215596596563,199.56599999999972,0.9353448275862071,0,0,0,1,0,0,0,0,303.80142438206957,224.53121072475912,11
8,12,2216,391.0,229.0,1.0,1.0986070431493602,0.366557662060429,1.0,0.7325619834710744,0.5686541229697979,57.59932866523557,62.20128616033595,19.235384061671343,6.735716892197606,6.082762530298219,53.15908907745803,53.59014672006733,-6.290888006100072,221.29199999999966,0.8594143882101996,0,0,0,1,0,0,0,0,390.6570397111913,225.26218411552347,12
8,13,2493,130.0,314.0,1.0,1.0008267535597883,0.2092237157858267,1.0,0.7810150375939849,0.9097777888759027,56.94390869898353,57.28001396647874,27.459060435491963,9.599582955722493,8.48528137423857,54.87954724560283,55.68361479496601,70.55796979927985,185.56599999999978,0.9749706687524443,0,0,0,0,1,0,0,0,130.01805054151623,313.6470116325712,13
8,14,2352,215.0,315.0,1.0,1.0019455595769136,0.25594661727406165,1.0,0.7636363636363637,0.8794446921381451,55.65377346180706,56.08029957123981,25.96150997149434,9.188397865339722,8.06225774829855,53.58182308120807,53.79999730505829,73.89197105576041,183.32399999999976,0.9635395329782875,0,0,0,0,1,0,0,0,214.6356292517007,314.3133503401361,14
8,15,2268,302.0,316.0,1.0,1.008006717540301,0.3185560491390889,1.0,0.7109717868338558,0.7555375792466428,55.334254023674895,57.21887800367987,23.40939982143925,8.445057315649162,7.280109889280518,53.11764705882353,52.451562195391865,-76.94736411392778,194.2219999999997,0.9342945417095779,0,0,0,0,1,0,0,0,302.0745149911817,314.87301587301585,15
8,16,2109,395.0,322.0,1.0,1.152824672924286,0.45583042929651474,1.0,0.6379310344827587,0.31978006543662324,58.72849831975044,61.326992425847855,14.560219778561036,4.813010939760309,4.242640687119285,54.03905337198369,52.27227704259424,38.37798732810862,287.8839999999993,0.8228638314475226,0,0,0,0,1,0,0,0,390.42057847321007,313.6021811284969,16
8,17,2504,130.0,401.0,1.0,1.0005433251610576,0.18469674627631844,1.0,0.770698676515851,0.9000235589970355,56.92073087434874,57.28001396647874,27.459060435491963,9.619179230478592,8.48528137423857,55.154328932550705,55.94144155091729,87.34113717168653,186.97999999999973,0.9716724873884364,0,0,0,0,0,1,0,0,129.56589456869008,400.77755591054313,17
8,18,2414,216.0,405.0,1.0,1.001175150499574,0.25700784103524565,1.0,0.756265664160401,0.8955204055056949,56.36755722409732,56.61271941887264,27.0,9.41574247030689,8.246211251235321,53.74011537017761,54.47413252636774,-79.79127183083266,184.04999999999976,0.9704522613065323,0,0,0,0,0,1,0,0,216.07042253521126,404.8844241922121,18
8,19,2419,303.0,403.0,1.0,1.0030152764788736,0.2388149318690525,1.0,0.7445367805478609,0.8355477679779674,56.34629383377463,57.271284253105414,25.553864678361276,9.129718967290767,8.06225774829855,54.11284505549491,54.715919452794935,84.89648770707494,190.73799999999977,0.9561264822134385,0,0,0,0,0,1,0,0,303.3274080198429,403.92476229847045,19
8,20,2493,392.0,400.0,1.0,1.0219998979150762,0.4995630075246635,1.0,0.7328042328042328,0.7549609708806739,60.830311584187335,62.80127387243033,24.08318915758459,8.670466861392391,7.810249675906654,52.58557860215172,52.69593356151634,-88.05016545741472,203.70599999999965,0.9298769116001494,0,0,0,0,0,1,0,0,391.64901724829525,403.49578820697957,20
8,21,2484,131.0,494.0,1.0,1.0010206776414197,0.2725572043236553,1.0,0.7781954887218046,0.8895586965353078,57.295285027745074,57.28001396647874,27.294688127912362,9.576448949671768,8.48528137423857,54.56005865099487,55.12606144186795,77.11281828205558,187.32399999999976,0.9720211308941499,0,0,0,0,0,0,1,0,131.12359098228663,493.8446054750403,21
8,22,2431,216.0,495.0,1.0,1.0020498733774839,0.2784837481561102,1.0,0.7620689655172413,0.8324496226927512,56.75901376719448,57.07889277132134,26.870057685088806,9.353917268580162,8.06225774829855,54.0,54.513680618324834,-89.85741913824714,191.56599999999975,0.962010288880095,0,0,0,0,0,0,1,0,216.05717811600164,495.7322089675031,22
8,23,2283,300.0,495.0,1.0,1.0208114372595727,0.3725916843226835,1.0,0.7426805465191932,0.7090340070071581,56.42520352806428,58.872744118140105,23.0,8.146859118396724,7.0710678118654755,52.0,52.362328538378556,84.36499364481755,201.15199999999976,0.9192671632776322,0,0,0,0,0,0,1,0,301.74419623302674,493.05606657906264,23
8,24,2168,387.0,502.0,1.0,1.1663640272639508,0.5880946030866024,1.0,0.615909090909091,0.3420337371023531,62.34005733526191,63.387695966961914,13.601470508735444,5.0936650386869875,5.0,53.199024978475954,50.42014884602402,-81.10895697239053,282.2279999999995,0.8301742293700938,0,0,0,0,0,0,1,0,389.4829335793358,494.2661439114391,24
8,25,3413,131.0,587.0,1.0,1.0032449246129995,0.363497408865196,1.0,0.7609810479375697,0.8241749804508696,68.25066551477045,68.24954212300622,31.400636936215164,11.081994191796126,9.848857801796104,63.3637011284036,63.58199301621668,87.03050913726248,228.11999999999964,0.966308040770102,0,0,0,0,0,0,0,1,130.777907998828,586.1075300322298,25
8,26,3428,216.0,590.0,1.0,1.0034308732124098,0.3139733707712591,1.0,0.752414398595259,0.8419840723288194,67.80041011157115,69.28924880528002,31.400636936215164,10.923518893946358,9.486832980505138,64.8459713474939,64.37186468440119,82.08424949226858,226.1899999999996,0.9606277147260751,0,0,0,0,0,0,0,1,216.2114935822637,589.7727537922988,26
8,27,3221,304.0,586.0,1.0,1.0085852746407808,0.2768063178622176,1.0,0.7284034373586612,0.7894506446810821,65.5156108931865,68.70953354520753,28.635642126552707,10.058353853706842,8.94427190999916,63.629020770902635,62.95563635400194,-84.73699377189811,226.4319999999995,0.9431918008784773,0,0,0,0,0,0,0,1,303.7693262961813,586.8938217944738,27
8,28,3191,390.0,590.0,1.0,1.0377694095759458,0.4792754055799734,1.0,0.6800937766410913,0.7053547328907704,68.94600876780495,70.83784299369935,25.179356624028344,9.216853934903588,8.06225774829855,61.715476178994194,60.51146867386436,28.73620084384056,238.43199999999956,0.9210564294992065,0,0,0,0,0,0,0,1,389.3722970855531,588.290191162645,28
